<Objs Version="1.1.0.1" xmlns="http://schemas.microsoft.com/powershell/2004/04">
  <Obj RefId="0">
    <TN RefId="0">
      <T>Microsoft.PowerShell.Commands.PSRepositoryItemInfo</T>
      <T>System.Management.Automation.PSCustomObject</T>
      <T>System.Object</T>
    </TN>
    <MS>
      <S N="Name">Nutanix.Prism.Common</S>
      <S N="Version">2.0.0</S>
      <S N="Type">Module</S>
      <S N="Description">Nutanix Prism Common module</S>
      <S N="Author">Nutanix</S>
      <Obj N="CompanyName" RefId="1">
        <TN RefId="1">
          <T>System.Management.Automation.PSCustomObject</T>
          <T>System.Object</T>
        </TN>
      </Obj>
      <S N="Copyright">(c) Nutanix. All rights reserved.</S>
      <DT N="PublishedDate">2021-06-11T22:54:08-07:00</DT>
      <Nil N="InstalledDate" />
      <Nil N="UpdatedDate" />
      <Nil N="LicenseUri" />
      <Nil N="ProjectUri" />
      <Nil N="IconUri" />
      <Obj N="Tags" RefId="2">
        <TN RefId="2">
          <T>System.Object[]</T>
          <T>System.Array</T>
          <T>System.Object</T>
        </TN>
        <LST>
          <S>PSModule</S>
        </LST>
      </Obj>
      <Obj N="Includes" RefId="3">
        <TN RefId="3">
          <T>System.Collections.Hashtable</T>
          <T>System.Object</T>
        </TN>
        <DCT>
          <En>
            <S N="Key">Cmdlet</S>
            <Obj N="Value" RefId="4">
              <TNRef RefId="2" />
              <LST>
                <S>Connect-PrismCentral</S>
                <S>Disconnect-PrismCentral</S>
                <S>New-NutanixObject</S>
              </LST>
            </Obj>
          </En>
          <En>
            <S N="Key">Workflow</S>
            <Obj N="Value" RefId="5">
              <TNRef RefId="2" />
              <LST />
            </Obj>
          </En>
          <En>
            <S N="Key">RoleCapability</S>
            <Ref N="Value" RefId="5" />
          </En>
          <En>
            <S N="Key">Function</S>
            <Ref N="Value" RefId="5" />
          </En>
          <En>
            <S N="Key">Command</S>
            <Obj N="Value" RefId="6">
              <TNRef RefId="2" />
              <LST>
                <S>Connect-PrismCentral</S>
                <S>Disconnect-PrismCentral</S>
                <S>New-NutanixObject</S>
              </LST>
            </Obj>
          </En>
          <En>
            <S N="Key">DscResource</S>
            <Ref N="Value" RefId="5" />
          </En>
        </DCT>
      </Obj>
      <Nil N="PowerShellGetFormatVersion" />
      <Nil N="ReleaseNotes" />
      <Obj N="Dependencies" RefId="7">
        <TNRef RefId="2" />
        <LST />
      </Obj>
      <S N="RepositorySourceLocation">http://artifactory.dyn.nutanix.com/artifactory/api/nuget/powershell-cmdlets-nuget/</S>
      <S N="Repository">artifactory</S>
      <S N="PackageManagementProvider">NuGet</S>
      <Obj N="AdditionalMetadata" RefId="8">
        <TNRef RefId="1" />
        <MS>
          <S N="summary">Nutanix Prism Common module</S>
          <S N="copyright">(c) Nutanix. All rights reserved.</S>
          <S N="description">Nutanix Prism Common module</S>
          <S N="requireLicenseAcceptance">False</S>
          <S N="isLatestVersion">True</S>
          <S N="isAbsoluteLatestVersion">True</S>
          <S N="versionDownloadCount">0</S>
          <S N="downloadCount">0</S>
          <S N="packageSize">964696</S>
          <S N="published">6/11/2021 10:54:08 PM -07:00</S>
          <S N="created">6/11/2021 10:54:08 PM -07:00</S>
          <S N="lastUpdated">6/11/2021 10:54:08 PM -07:00</S>
          <S N="tags">PSModule PSIncludes_Cmdlet PSCmdlet_Connect-PrismCentral PSCmdlet_Disconnect-PrismCentral PSCmdlet_New-NutanixObject PSCommand_Connect-PrismCentral PSCommand_Disconnect-PrismCentral PSCommand_New-NutanixObject</S>
          <S N="developmentDependency">False</S>
          <S N="updated">2021-06-11T22:54:08Z</S>
          <S N="IsPrerelease">false</S>
          <S N="Authors">Nutanix</S>
        </MS>
      </Obj>
      <S N="InstalledLocation">/Users/jae.park/Downloads/NutanixCli.2.0.0/Nutanix.Prism.Common/2.0.0</S>
    </MS>
  </Obj>
</Objs>
