<Objs Version="1.1.0.1" xmlns="http://schemas.microsoft.com/powershell/2004/04">
  <Obj RefId="0">
    <TN RefId="0">
      <T>Microsoft.PowerShell.Commands.PSRepositoryItemInfo</T>
      <T>System.Management.Automation.PSCustomObject</T>
      <T>System.Object</T>
    </TN>
    <MS>
      <S N="Name">Nutanix.Prism.PS.Cmds</S>
      <S N="Version">2.0.0</S>
      <S N="Type">Module</S>
      <S N="Description">Nutanix Prism Powershell Commands Module</S>
      <S N="Author">Nutanix</S>
      <Obj N="CompanyName" RefId="1">
        <TN RefId="1">
          <T>System.Management.Automation.PSCustomObject</T>
          <T>System.Object</T>
        </TN>
      </Obj>
      <S N="Copyright">(c) Nutanix. All rights reserved.</S>
      <DT N="PublishedDate">2021-06-11T22:54:15-07:00</DT>
      <Nil N="InstalledDate" />
      <Nil N="UpdatedDate" />
      <Nil N="LicenseUri" />
      <Nil N="ProjectUri" />
      <Nil N="IconUri" />
      <Obj N="Tags" RefId="2">
        <TN RefId="2">
          <T>System.Object[]</T>
          <T>System.Array</T>
          <T>System.Object</T>
        </TN>
        <LST>
          <S>PSModule</S>
        </LST>
      </Obj>
      <Obj N="Includes" RefId="3">
        <TN RefId="3">
          <T>System.Collections.Hashtable</T>
          <T>System.Object</T>
        </TN>
        <DCT>
          <En>
            <S N="Key">Cmdlet</S>
            <Obj N="Value" RefId="4">
              <TNRef RefId="2" />
              <LST>
                <S>Get-VM</S>
                <S>New-VM</S>
                <S>Set-VM</S>
                <S>Remove-VM</S>
                <S>Start-VM</S>
                <S>Stop-VM</S>
                <S>Get-Cluster</S>
                <S>Get-Image</S>
                <S>Set-Image</S>
                <S>New-Image</S>
                <S>Remove-Image</S>
                <S>Get-Metric</S>
                <S>Get-Task</S>
                <S>Wait-Task</S>
                <S>Get-Network</S>
                <S>Get-StorageContainer</S>
              </LST>
            </Obj>
          </En>
          <En>
            <S N="Key">Workflow</S>
            <Obj N="Value" RefId="5">
              <TNRef RefId="2" />
              <LST />
            </Obj>
          </En>
          <En>
            <S N="Key">RoleCapability</S>
            <Ref N="Value" RefId="5" />
          </En>
          <En>
            <S N="Key">Function</S>
            <Ref N="Value" RefId="5" />
          </En>
          <En>
            <S N="Key">Command</S>
            <Obj N="Value" RefId="6">
              <TNRef RefId="2" />
              <LST>
                <S>Get-VM</S>
                <S>New-VM</S>
                <S>Set-VM</S>
                <S>Remove-VM</S>
                <S>Start-VM</S>
                <S>Stop-VM</S>
                <S>Get-Cluster</S>
                <S>Get-Image</S>
                <S>Set-Image</S>
                <S>New-Image</S>
                <S>Remove-Image</S>
                <S>Get-Metric</S>
                <S>Get-Task</S>
                <S>Wait-Task</S>
                <S>Get-Network</S>
                <S>Get-StorageContainer</S>
              </LST>
            </Obj>
          </En>
          <En>
            <S N="Key">DscResource</S>
            <Ref N="Value" RefId="5" />
          </En>
        </DCT>
      </Obj>
      <Nil N="PowerShellGetFormatVersion" />
      <Nil N="ReleaseNotes" />
      <Obj N="Dependencies" RefId="7">
        <TNRef RefId="2" />
        <LST>
          <Obj RefId="8">
            <TN RefId="4">
              <T>System.Collections.Specialized.OrderedDictionary</T>
              <T>System.Object</T>
            </TN>
            <DCT>
              <En>
                <S N="Key">Name</S>
                <S N="Value">Nutanix.Prism.Common</S>
              </En>
              <En>
                <S N="Key">MinimumVersion</S>
                <S N="Value">2.0.0</S>
              </En>
              <En>
                <S N="Key">CanonicalId</S>
                <S N="Value">nuget:Nutanix.Prism.Common/2.0.0</S>
              </En>
            </DCT>
          </Obj>
        </LST>
      </Obj>
      <S N="RepositorySourceLocation">http://artifactory.dyn.nutanix.com/artifactory/api/nuget/powershell-cmdlets-nuget/</S>
      <S N="Repository">artifactory</S>
      <S N="PackageManagementProvider">NuGet</S>
      <Obj N="AdditionalMetadata" RefId="9">
        <TNRef RefId="1" />
        <MS>
          <S N="summary">Nutanix Prism Powershell Commands Module</S>
          <S N="copyright">(c) Nutanix. All rights reserved.</S>
          <S N="description">Nutanix Prism Powershell Commands Module</S>
          <S N="requireLicenseAcceptance">False</S>
          <S N="isLatestVersion">True</S>
          <S N="isAbsoluteLatestVersion">True</S>
          <S N="versionDownloadCount">0</S>
          <S N="downloadCount">0</S>
          <S N="packageSize">1208442</S>
          <S N="published">6/11/2021 10:54:15 PM -07:00</S>
          <S N="created">6/11/2021 10:54:15 PM -07:00</S>
          <S N="lastUpdated">6/11/2021 10:54:15 PM -07:00</S>
          <S N="tags">PSModule PSIncludes_Cmdlet PSCmdlet_Get-VM PSCmdlet_New-VM PSCmdlet_Set-VM PSCmdlet_Remove-VM PSCmdlet_Start-VM PSCmdlet_Stop-VM PSCmdlet_Get-Cluster PSCmdlet_Get-Image PSCmdlet_Set-Image PSCmdlet_New-Image PSCmdlet_Remove-Image PSCmdlet_Get-Metric PSCmdlet_Get-Task PSCmdlet_Wait-Task PSCmdlet_Get-Network PSCmdlet_Get-StorageContainer PSCommand_Get-VM PSCommand_New-VM PSCommand_Set-VM PSCommand_Remove-VM PSCommand_Start-VM PSCommand_Stop-VM PSCommand_Get-Cluster PSCommand_Get-Image PSCommand_Set-Image PSCommand_New-Image PSCommand_Remove-Image PSCommand_Get-Metric PSCommand_Get-Task PSCommand_Wait-Task PSCommand_Get-Network PSCommand_Get-StorageContainer</S>
          <S N="developmentDependency">False</S>
          <S N="updated">2021-06-11T22:54:15Z</S>
          <S N="IsPrerelease">false</S>
          <S N="Authors">Nutanix</S>
        </MS>
      </Obj>
      <S N="InstalledLocation">/Users/jae.park/Downloads/NutanixCli.2.0.0/Nutanix.Prism.PS.Cmds/2.0.0</S>
    </MS>
  </Obj>
</Objs>
